{
    "Heer Haider Ali": [
        -214.57791137695312,
        133.58761596679688,
        23.093385696411133,
        21.64948272705078,
        12.211625099182129,
        -2.0873024463653564,
        0.33870604634284973,
        -4.227157115936279,
        -8.329076766967773,
        -4.410709857940674,
        -12.373647689819336,
        -2.878159284591675,
        -5.608360290527344,
        -1.6769332885742188,
        -7.560588836669922,
        -3.2541797161102295,
        -5.329445838928223,
        -3.924628973007202,
        -8.213846206665039,
        -4.685197830200195
    ],
    "Laado Mc Square": [
        -137.12991333007812,
        114.84906005859375,
        -0.18515686690807343,
        2.6406302452087402,
        2.938422679901123,
        -0.2915119528770447,
        -6.229898452758789,
        -5.283276081085205,
        -16.337177276611328,
        1.5772101879119873,
        -10.284477233886719,
        -7.183661460876465,
        -8.948113441467285,
        -7.557941913604736,
        -1.0319613218307495,
        -5.617075443267822,
        -1.6456916332244873,
        9.203659057617188,
        5.169933319091797,
        4.764597415924072
    ]
}
